id,name,gnd,birth_year,death_year,letter_count,mention_count,roles,primary_place,place_lat,place_lon,primary_occupation,sndb_url,has_biography,has_relations
1906,Angelica Bellonata Facius,116372443,1806,1887,0,0,,Weimar,50.9803,11.32903,Gemmenschneiderin,https://ores.klassik-stiftung.de/ords/f?p=900:2:::::P2_ID:1906,yes,no
3251,Auguste Hüssener,117051543,1789,1877,0,0,,,,,Radiererin,https://ores.klassik-stiftung.de/ords/f?p=900:2:::::P2_ID:3251,no,no
35204,Maria Anna Ackermann,,1757,1830,0,0,,Winkel,49.99781,8.0056,,https://ores.klassik-stiftung.de/ords/f?p=900:2:::::P2_ID:35204,yes,no
35217,Rose Aguilar d',,,1857,0,0,,Liverpool,53.41058,-2.97794,Übersetzerin,https://ores.klassik-stiftung.de/ords/f?p=900:2:::::P2_ID:35217,no,no
35239,Wilhelmine  Alberti,1156816025,1778,1857,1,0,sender,Berlin,52.52437,13.41053,,https://ores.klassik-stiftung.de/ords/f?p=900:2:::::P2_ID:35239,yes,no
35267,Anna Altmutter,129459658,1790,1826,1,1,"mentioned,sender",München,48.13743,11.57549,Schauspielerin,https://ores.klassik-stiftung.de/ords/f?p=900:2:::::P2_ID:35267,no,no
35289,Karoline Amor,,1745,,0,0,,Salzburg,47.79917,13.04389,Schauspielerin,https://ores.klassik-stiftung.de/ords/f?p=900:2:::::P2_ID:35289,yes,no
35391,Sarah Austin,116215208,1793,1867,0,0,,,,,Übersetzerin,https://ores.klassik-stiftung.de/ords/f?p=900:2:::::P2_ID:35391,yes,no
35445,Anne Susanne Sophia Bandemer von,116048174,1751,1828,1,0,sender,Koblenz,50.35357,7.57883,Schriftstellerin,https://ores.klassik-stiftung.de/ords/f?p=900:2:::::P2_ID:35445,no,no
35474,Marie Gabrielle Adelaide Forget de Barst de,,,1825,0,0,,,,,,https://ores.klassik-stiftung.de/ords/f?p=900:2:::::P2_ID:35474,no,no
35536,Anna Maria Baureis,,1737,1824,0,0,,Altdorf b. Nürnberg,49.38556,11.35722,Handelsfrau,https://ores.klassik-stiftung.de/ords/f?p=900:2:::::P2_ID:35536,no,no
35642,Karoline Friederike Berg von,116129654,1760,1826,2,19,"mentioned,sender",Berlin,52.52437,13.41053,Hofdame,https://ores.klassik-stiftung.de/ords/f?p=900:2:::::P2_ID:35642,yes,no
35665,J. C. H. Berisse de,,,,0,0,,Erfurt,50.97861,11.03278,,https://ores.klassik-stiftung.de/ords/f?p=900:2:::::P2_ID:35665,no,no
35705,Charitas Emilie Bernstorff Gräfin von,116147679,1732,1820,1,4,"sender,mentioned",Weimar,50.9803,11.32903,,https://ores.klassik-stiftung.de/ords/f?p=900:2:::::P2_ID:35705,yes,yes
35710,Louise Angélique Bertin,119142406,1805,1877,0,0,,,,,Schriftstellerin,https://ores.klassik-stiftung.de/ords/f?p=900:2:::::P2_ID:35710,no,no
35729,Susanne Elisabeth Bethmann-Hollweg,1016583249,1763,1831,1,3,"mentioned,sender",,,,,https://ores.klassik-stiftung.de/ords/f?p=900:2:::::P2_ID:35729,no,no
35757,Karoline Luise Augusta Bibra von,,1760,1825,0,0,,Darmstadt,49.87167,8.65027,Hofdame,https://ores.klassik-stiftung.de/ords/f?p=900:2:::::P2_ID:35757,yes,no
35764,Christiana Juliana Friderica Charlotte Bielke von,,1774,1845,0,0,,,,,Konventualin,https://ores.klassik-stiftung.de/ords/f?p=900:2:::::P2_ID:35764,no,no
35792,Barbara Blank,,,,0,0,,Wien,48.20833,16.37306,,https://ores.klassik-stiftung.de/ords/f?p=900:2:::::P2_ID:35792,no,no
35842,Charlotte Karoline Adamine Luise Bode von,,1759,1828,0,0,,Oppenheim,49.8547,8.35974,,https://ores.klassik-stiftung.de/ords/f?p=900:2:::::P2_ID:35842,yes,yes
35896,Johanne Susanne Bohl,1033439274,1738,1806,10,9,"sender,mentioned",,,,"Mitarbeiterin am ""Teutschen Merkur""",https://ores.klassik-stiftung.de/ords/f?p=900:2:::::P2_ID:35896,yes,no
35942,Luzie Wilhelmine Marie Bosch von,,1785,1858,0,0,,,,,,https://ores.klassik-stiftung.de/ords/f?p=900:2:::::P2_ID:35942,no,no
35961,Rudolfine Hedwig Friederike Both von,,1798,1866,0,0,,Schwerin,53.62937,11.41316,,https://ores.klassik-stiftung.de/ords/f?p=900:2:::::P2_ID:35961,yes,no
36008,Amalie Augusta Braun,116415665,,1858,0,0,,Berlin,52.52437,13.41053,Schauspielerin,https://ores.klassik-stiftung.de/ords/f?p=900:2:::::P2_ID:36008,no,no
36025,Auguste Henriette Elisabeth Brede,116440171,1784,1859,1,2,"mentioned,sender",Lübeck,53.86893,10.68729,Schauspielerin,https://ores.klassik-stiftung.de/ords/f?p=900:2:::::P2_ID:36025,no,no
36088,Jeannette Brossard,,1750,1803,0,0,,,,,,https://ores.klassik-stiftung.de/ords/f?p=900:2:::::P2_ID:36088,yes,no
36109,Jenny Brühl Gräfin von,116747714,1795,1884,0,14,mentioned,Neuchâtel,46.99167,6.93083,,https://ores.klassik-stiftung.de/ords/f?p=900:2:::::P2_ID:36109,yes,no
36123,Sophia Christiana Johanna Brunst von,,1750,1802,0,0,,Breslau,51.1,17.03333,,https://ores.klassik-stiftung.de/ords/f?p=900:2:::::P2_ID:36123,yes,no
36134,Johanna Maria Buchholz,132908506,1748,1822,1,0,sender,Weimar,50.9803,11.32903,Schlauchfabrikantin,https://ores.klassik-stiftung.de/ords/f?p=900:2:::::P2_ID:36134,yes,no
36186,Minna Charlotte Burgdorf,,1780,1826,0,0,,Weimar,50.9803,11.32903,Schauspielerin,https://ores.klassik-stiftung.de/ords/f?p=900:2:::::P2_ID:36186,yes,no
36539,Jane Dalton,1148437738,1742,1817,1,0,sender,,,,Übersetzerin,https://ores.klassik-stiftung.de/ords/f?p=900:2:::::P2_ID:36539,yes,no
36546,Kornelia Helena Danckelmann von,,1754,1836,0,0,,,,,,https://ores.klassik-stiftung.de/ords/f?p=900:2:::::P2_ID:36546,no,no
36565,Martha Friederika Darjes,1015989918,1737,1794,1,0,sender,,,,,https://ores.klassik-stiftung.de/ords/f?p=900:2:::::P2_ID:36565,no,no
36587,Mary Margaret Dawe,,1785,1871,0,0,,,,,Kupferstecherin,https://ores.klassik-stiftung.de/ords/f?p=900:2:::::P2_ID:36587,no,no
36610,Helene Dorothea Delph,1012182320,1728,1808,4,1,"mentioned,sender",,,,Geschäftsfrau,https://ores.klassik-stiftung.de/ords/f?p=900:2:::::P2_ID:36610,yes,no
36658,Maria Anna Dietrichstein Gräfin von,,1750,1833,0,0,,Wien,48.20833,16.37306,Stiftsdame,https://ores.klassik-stiftung.de/ords/f?p=900:2:::::P2_ID:36658,no,no
36846,Isabella Egloffstein von und zu,116413131,1785,1869,2,0,sender,,,,,https://ores.klassik-stiftung.de/ords/f?p=900:2:::::P2_ID:36846,no,no
36847,Karoline Auguste Sophie Wilhelmine Egloffstein von und zu,130813427,1768,1828,7,20,"mentioned,sender",Weimar,50.9803,11.32903,Oberkammerherrin,https://ores.klassik-stiftung.de/ords/f?p=900:2:::::P2_ID:36847,yes,no
36886,Josepha Elterich,,,,0,0,,,,,,https://ores.klassik-stiftung.de/ords/f?p=900:2:::::P2_ID:36886,no,no
36954,Cäcilie Eskeles von,1065846525,1760,1836,1,4,"mentioned,sender",,,,,https://ores.klassik-stiftung.de/ords/f?p=900:2:::::P2_ID:36954,no,no
37057,Fanny Fiala,1026792207,1760,1822,2,1,"sender,mentioned",,,,Schauspielerin,https://ores.klassik-stiftung.de/ords/f?p=900:2:::::P2_ID:37057,no,no
37119,Eleonore Flies,1221565680,1752,1812,3,12,"mentioned,sender",Wien,48.20833,16.37306,,https://ores.klassik-stiftung.de/ords/f?p=900:2:::::P2_ID:37119,yes,no
37150,Marie Louise Eugénie Foucquet Marquise de,,1759,,0,0,,,,,,https://ores.klassik-stiftung.de/ords/f?p=900:2:::::P2_ID:37150,yes,yes
37229,Johanna Sophia Fritsch von,,1748,1836,0,0,,,,,,https://ores.klassik-stiftung.de/ords/f?p=900:2:::::P2_ID:37229,yes,no
37233,Konstanze Fritsch Gräfin von,1052836488,1781,1858,13,22,"mentioned,sender",,,,Oberhofmeisterin,https://ores.klassik-stiftung.de/ords/f?p=900:2:::::P2_ID:37233,yes,no
37253,Johanna Füchsel,,1789,,0,0,,,,,,https://ores.klassik-stiftung.de/ords/f?p=900:2:::::P2_ID:37253,yes,no
37365,Justina Dorothea Wilhelmine Gensiken,116542373,1775,1822,1,0,sender,,,,Schriftstellerin,https://ores.klassik-stiftung.de/ords/f?p=900:2:::::P2_ID:37365,no,no
37403,Maria Magdalena Gerning,116589825,1746,1796,1,3,"mentioned,sender",,,,,https://ores.klassik-stiftung.de/ords/f?p=900:2:::::P2_ID:37403,no,no
37408,Diana Gersdorff von,18956346X,1788,1844,0,2,mentioned,Weimar,50.9803,11.32903,Hofdame,https://ores.klassik-stiftung.de/ords/f?p=900:2:::::P2_ID:37408,no,no
37557,Emilie Gore,116774401,1755,1832,39,8,"sender,mentioned",Weimar,50.9803,11.32903,Malerin,https://ores.klassik-stiftung.de/ords/f?p=900:2:::::P2_ID:37557,yes,yes
37674,Anna Elisabeth Grunelius,,1781,1850,0,0,,,,,,https://ores.klassik-stiftung.de/ords/f?p=900:2:::::P2_ID:37674,no,no
37740,Karolina Philippina Haacke von,,1754,1830,0,0,,Karlsruhe,49.00937,8.40444,Hofdame,https://ores.klassik-stiftung.de/ords/f?p=900:2:::::P2_ID:37740,yes,no
37802,Elisabeth Friederike Wilhelmine Halberstadt,116404760,1776,1841,0,0,,,,,Pädagogin,https://ores.klassik-stiftung.de/ords/f?p=900:2:::::P2_ID:37802,no,no
38021,Friederike Bernhardine Sophie Dorothea Elisabethe Herda zu Brandenburg von,,1749,1816,0,0,,,,,,https://ores.klassik-stiftung.de/ords/f?p=900:2:::::P2_ID:38021,yes,no
38046,Klara Regina Herrleb,,1747,1826,0,0,,,,,,https://ores.klassik-stiftung.de/ords/f?p=900:2:::::P2_ID:38046,no,no
38099,Rosalia Heußler,,1764,1821,0,0,,,,,Schauspielerin,https://ores.klassik-stiftung.de/ords/f?p=900:2:::::P2_ID:38099,yes,no
38170,Johanne Marie Hofmann,,1754,1803,0,0,,,,,Pächter,https://ores.klassik-stiftung.de/ords/f?p=900:2:::::P2_ID:38170,yes,no
38302,Maria Sophia Hunnius,,1732,1807,0,0,,,,,,https://ores.klassik-stiftung.de/ords/f?p=900:2:::::P2_ID:38302,no,no
38360,Friederike Henriette Christiane Jacobi,,1749,1826,0,0,,,,,,https://ores.klassik-stiftung.de/ords/f?p=900:2:::::P2_ID:38360,no,no
38507,Anna Luisa Karsch,118560328,1722,1791,5,5,"sender,mentioned",Berlin,52.52437,13.41053,Schriftstellerin,https://ores.klassik-stiftung.de/ords/f?p=900:2:::::P2_ID:38507,yes,yes
38694,Friederike Koch,116270810,1782,1857,0,0,,,,,Sängerin,https://ores.klassik-stiftung.de/ords/f?p=900:2:::::P2_ID:38694,no,no
38743,Friederike Wilhelmine Körte,116300922,1786,1861,2,25,"mentioned,sender",,,,,https://ores.klassik-stiftung.de/ords/f?p=900:2:::::P2_ID:38743,yes,no
38752,Johanna Barbara Kötschau,,1756,1816,0,0,,,,,,https://ores.klassik-stiftung.de/ords/f?p=900:2:::::P2_ID:38752,no,no
38832,J. F. Kriegsheim von,,,,0,0,,,,,,https://ores.klassik-stiftung.de/ords/f?p=900:2:::::P2_ID:38832,no,no
38834,Margarete Regina Luise Krockow Gräfin von,101059612,1749,1803,1,0,sender,,,,,https://ores.klassik-stiftung.de/ords/f?p=900:2:::::P2_ID:38834,no,no
39323,D. M.,,,,0,0,,,,,,https://ores.klassik-stiftung.de/ords/f?p=900:2:::::P2_ID:39323,no,no
39387,Gertrud Elisabeth Mara,118730770,1749,1833,0,14,mentioned,Leipzig,51.33944,12.37111,Sängerin,https://ores.klassik-stiftung.de/ords/f?p=900:2:::::P2_ID:39387,yes,no
39428,Hortensia Marschall auf Burgholzhausen Gräfin von,,1767,1800,0,0,,,,,,https://ores.klassik-stiftung.de/ords/f?p=900:2:::::P2_ID:39428,no,no
39463,Maximiliana Maria Eva Matiegzeck,,1775,1825,0,0,,Passau,48.56639,13.43111,Schauspielerin,https://ores.klassik-stiftung.de/ords/f?p=900:2:::::P2_ID:39463,yes,no
39495,Jeanne Marie Jaqueline Antoinette Mazelet,1069259314,1765,1852,2,11,"mentioned,sender",Morges,46.51127,6.49854,Gouvernante,https://ores.klassik-stiftung.de/ords/f?p=900:2:::::P2_ID:39495,yes,no
39496,Helene Friederike Mebus,141041889,1790,1817,1,0,sender,,,,Sängerin,https://ores.klassik-stiftung.de/ords/f?p=900:2:::::P2_ID:39496,no,no
39591,Sibylle Mertens,119508311,1797,1857,0,0,,,,,,https://ores.klassik-stiftung.de/ords/f?p=900:2:::::P2_ID:39591,no,no
39767,Anna Maria (Nannette) Morelli,,1771,1804,0,0,,Weimar,50.9803,11.32903,Sängerin,https://ores.klassik-stiftung.de/ords/f?p=900:2:::::P2_ID:39767,yes,no
39831,Henrietta Susanna Müller,,1750,1801,0,0,,Jena,50.92878,11.5899,,https://ores.klassik-stiftung.de/ords/f?p=900:2:::::P2_ID:39831,no,no
39863,Karoline Sophie Müller,1160000867,1775,1849,0,0,,,,,,https://ores.klassik-stiftung.de/ords/f?p=900:2:::::P2_ID:39863,no,no
40032,Christine O'Donell von Tyrconell,1021270334,1768,1867,2,5,"sender,mentioned",,,,,https://ores.klassik-stiftung.de/ords/f?p=900:2:::::P2_ID:40032,no,no
40034,Josephine O'Donell von Tyrconell Gräfin,121665321,1779,1833,21,8,"mentioned,sender",,,,Hofdame,https://ores.klassik-stiftung.de/ords/f?p=900:2:::::P2_ID:40034,yes,no
40186,Elisabetha Auguste Pattberg,116058870,1769,1850,0,1,mentioned,Neunkirchen (Baden),49.38694,9.01056,Schriftstellerin,https://ores.klassik-stiftung.de/ords/f?p=900:2:::::P2_ID:40186,no,no
40230,Henriette Judith Pereira-Arnstein von,118809695,1780,1859,1,3,"mentioned,sender",Wien,48.20833,16.37306,Mäzenatin,https://ores.klassik-stiftung.de/ords/f?p=900:2:::::P2_ID:40230,yes,no
40305,Karoline Pichler,118742361,1769,1843,2,9,"mentioned,sender",Wien,48.20833,16.37306,Salonière,https://ores.klassik-stiftung.de/ords/f?p=900:2:::::P2_ID:40305,no,no
40613,Sophie Karoline Friederike Petronella Reinhard,119433206,1775,1844,1,3,"mentioned,sender",Wien,48.20833,16.37306,Radiererin,https://ores.klassik-stiftung.de/ords/f?p=900:2:::::P2_ID:40613,no,no
40634,Eleonore Luise Reitzenstein von,,,1810,0,0,,Weimar,50.9803,11.32903,Hofdame,https://ores.klassik-stiftung.de/ords/f?p=900:2:::::P2_ID:40634,yes,yes
40704,Friederike Karoline Susanne Wilhelmine Riedesel von,,1751,1820,0,0,,Weimar,50.9803,11.32903,Hofdame,https://ores.klassik-stiftung.de/ords/f?p=900:2:::::P2_ID:40704,yes,no
40812,Elisabeth Roose,116286342,1778,1808,1,2,"sender,mentioned",Wien,48.20833,16.37306,Schauspielerin,https://ores.klassik-stiftung.de/ords/f?p=900:2:::::P2_ID:40812,yes,no
40923,Maria Fjodorowna Rußland Zarin von,11933075X,1759,1828,1,134,"mentioned,sender",,,,,https://ores.klassik-stiftung.de/ords/f?p=900:2:::::P2_ID:40923,yes,yes
40959,Anna Amalia Sachsen-Weimar und Eisenach Herzogin von,118649485,1739,1807,22,180,"mentioned,sender",Weimar,50.9803,11.32903,Herzogin von Sachsen-Weimar,https://ores.klassik-stiftung.de/ords/f?p=900:2:::::P2_ID:40959,yes,no
40967,Maria Pawlowna Sachsen-Weimar-Eisenach Erbgroßherzogin von,104304219,1786,1859,30,489,"mentioned,sender",Weimar,50.9803,11.32903,Großherzogin,https://ores.klassik-stiftung.de/ords/f?p=900:2:::::P2_ID:40967,yes,yes
41249,Johanne Christiana (Sophia) Agnese Schmidt,,1804,1859,0,0,,Jena,50.92878,11.5899,,https://ores.klassik-stiftung.de/ords/f?p=900:2:::::P2_ID:41249,no,yes
41280,Magdalena Justine Schneider,,1741,1799,0,0,,,,,,https://ores.klassik-stiftung.de/ords/f?p=900:2:::::P2_ID:41280,no,no
41340,Katharina Schröfl,129486140,1767,1836,1,10,"sender,mentioned",Wien,48.20833,16.37306,Pianistin,https://ores.klassik-stiftung.de/ords/f?p=900:2:::::P2_ID:41340,no,no
41351,Henriette Schubart,117107352,1769,1831,1,1,"mentioned,sender",Jena,50.92878,11.5899,Übersetzerin,https://ores.klassik-stiftung.de/ords/f?p=900:2:::::P2_ID:41351,no,yes
41365,Anna Henriette Schütz,117140562,1749,1822,1,8,"mentioned,sender",Jena,50.92878,11.5899,,https://ores.klassik-stiftung.de/ords/f?p=900:2:::::P2_ID:41365,yes,no
41387,Anna Barbara Schultheß,117184713,1745,1818,20,18,"sender,mentioned",Zürich,47.36667,8.55,,https://ores.klassik-stiftung.de/ords/f?p=900:2:::::P2_ID:41387,yes,no
41414,Sophie Hedwig Rebekka Schumacher,1072655586,1752,1822,1,1,"sender,mentioned",,,,,https://ores.klassik-stiftung.de/ords/f?p=900:2:::::P2_ID:41414,yes,no
41571,Karoline Simoni,,,,0,0,,,,,Schauspielerin,https://ores.klassik-stiftung.de/ords/f?p=900:2:::::P2_ID:41571,yes,no
41693,Amalie Friederike Staff von,,1764,1796,0,0,,Eisenach,50.9807,10.31522,,https://ores.klassik-stiftung.de/ords/f?p=900:2:::::P2_ID:41693,yes,yes
41719,Johanna Karolina Augusta Staupitz von,,1765,1838,0,0,,Liebenwerda,51.51826,13.39459,,https://ores.klassik-stiftung.de/ords/f?p=900:2:::::P2_ID:41719,yes,no
41853,Johanne Karoline Stricker,1049309367,,1846,0,0,,Prag,50.08861,14.42139,Schriftstellerin,https://ores.klassik-stiftung.de/ords/f?p=900:2:::::P2_ID:41853,no,no
41919,Espérance Sylvestre,117391131,1790,1842,3,24,"mentioned,sender",Weimar,50.9803,11.32903,Erzieherin,https://ores.klassik-stiftung.de/ords/f?p=900:2:::::P2_ID:41919,no,no
42159,Cäcilie Türckheim von,117434884,1791,1839,0,2,mentioned,,,,,https://ores.klassik-stiftung.de/ords/f?p=900:2:::::P2_ID:42159,no,no
42250,Antonie Friederike Varnhagen von Ense,118626175,1771,1833,1,16,"mentioned,sender",Berlin,52.52437,13.41053,Schriftstellerin,https://ores.klassik-stiftung.de/ords/f?p=900:2:::::P2_ID:42250,yes,no
42254,Luise Vary,1035714639,,1833,3,0,sender,Gleinig,51.7083,16.5225,Schriftstellerin,https://ores.klassik-stiftung.de/ords/f?p=900:2:::::P2_ID:42254,no,no
42336,Adolfine Amalie Henriette Vogelsang von,,1751,1831,0,0,,,,,,https://ores.klassik-stiftung.de/ords/f?p=900:2:::::P2_ID:42336,yes,no
42398,Christiane Margarete Wachtel,,1746,1808,0,0,,Jena,50.92878,11.5899,Wirtin,https://ores.klassik-stiftung.de/ords/f?p=900:2:::::P2_ID:42398,no,no
42448,Mélanie Waldor,136882862,1796,1871,0,0,,Paris,48.85341,2.3488,Salonière,https://ores.klassik-stiftung.de/ords/f?p=900:2:::::P2_ID:42448,no,no
42449,Albertine Waldow von,142692891,1774,1854,1,1,"sender,mentioned",Berlin,52.52437,13.41053,Salonière,https://ores.klassik-stiftung.de/ords/f?p=900:2:::::P2_ID:42449,no,no
42472,Karoline Rosine Wanckel,,1784,1836,0,0,,Weimar,50.9803,11.32903,Schauspielerin,https://ores.klassik-stiftung.de/ords/f?p=900:2:::::P2_ID:42472,no,no
42572,Magdalena Sophia Weißmantel (Weismantel),,1751,1837,0,0,,Erfurt,50.97861,11.03278,,https://ores.klassik-stiftung.de/ords/f?p=900:2:::::P2_ID:42572,yes,no
42797,Sinaida Alexandrowna Wolkonskaja Fürstin,119284502,1789,1862,0,1,mentioned,Dresden,51.05089,13.73832,Schriftstellerin,https://ores.klassik-stiftung.de/ords/f?p=900:2:::::P2_ID:42797,no,no
42805,Karoline Woltmann,117197289,1782,1847,1,7,"mentioned,sender",Prag,50.08861,14.42139,Schriftstellerin,https://ores.klassik-stiftung.de/ords/f?p=900:2:::::P2_ID:42805,no,no
42809,Amalie Wortmann,11742496X,1801,1847,0,0,,Elberfeld,51.25627,7.14816,,https://ores.klassik-stiftung.de/ords/f?p=900:2:::::P2_ID:42809,no,no
42859,Dorothea Elisabeth Zapff,,1754,1819,0,0,,,,,,https://ores.klassik-stiftung.de/ords/f?p=900:2:::::P2_ID:42859,no,no
42889,Anna Maria Zick,,1745,1811,0,0,,Ehrenbreitstein,50.36012,7.62013,,https://ores.klassik-stiftung.de/ords/f?p=900:2:::::P2_ID:42889,no,no
42959,Charlotte Elisabeth Sophie Luise Wilhelmine Ahlefeld von,118962590,1777,1849,1,6,"mentioned,sender",Weimar,50.9803,11.32903,Schriftstellerin,https://ores.klassik-stiftung.de/ords/f?p=900:2:::::P2_ID:42959,yes,yes
42965,Johanna Sophie Dorothea Albrecht,116010010,1757,1840,0,0,,Erfurt,50.97861,11.03278,Schauspielerin,https://ores.klassik-stiftung.de/ords/f?p=900:2:::::P2_ID:42965,yes,no
43000,"Elisabeth (Bettina, Bettine) Katharina Ludovika Magdalena Arnim von",118504185,1785,1859,44,20,"sender,mentioned",Frankfurt (Main),50.11552,8.68417,Schriftstellerin,https://ores.klassik-stiftung.de/ords/f?p=900:2:::::P2_ID:43000,yes,yes
43025,Friederike Karoline Bachoff von Echt Gräfin,,1765,1796,0,0,,Weimar,50.9803,11.32903,,https://ores.klassik-stiftung.de/ords/f?p=900:2:::::P2_ID:43025,yes,no
43026,Henriette Karoline Bachoff von Echt Gräfin,,1738,1808,0,0,,Weimar,50.9803,11.32903,,https://ores.klassik-stiftung.de/ords/f?p=900:2:::::P2_ID:43026,yes,no
43039,Viktorie Maria Augusta Bansa,,1796,1866,0,0,,Neapel,40.85216,14.26811,,https://ores.klassik-stiftung.de/ords/f?p=900:2:::::P2_ID:43039,no,no
43042,Henriette Karoline Charlotte Bardeleben von,11605610X,1780,1852,0,2,mentioned,Dresden,51.05089,13.73832,,https://ores.klassik-stiftung.de/ords/f?p=900:2:::::P2_ID:43042,no,no
43043,Marie Karoline Bardua,116056363,1781,1864,3,13,"mentioned,sender",Ballenstedt,51.71889,11.2325,Salonière,https://ores.klassik-stiftung.de/ords/f?p=900:2:::::P2_ID:43043,yes,no
43051,Henriette Adelheid Bassewitz von,11608023X,1784,1858,1,0,sender,Potsdam,52.39886,13.06566,,https://ores.klassik-stiftung.de/ords/f?p=900:2:::::P2_ID:43051,no,no
43060,Sophie Karolina Amalie Batsch,11608149X,1765,1852,1,20,"mentioned,sender",Jena,50.92878,11.5899,Erzieherin,https://ores.klassik-stiftung.de/ords/f?p=900:2:::::P2_ID:43060,yes,no
43070,Henriette Sophie Franziska Friederike Albertine Beaulieu-Marconnay von,118955586,1773,1864,6,20,"mentioned,sender",Egloffstein,49.70182,11.25748,,https://ores.klassik-stiftung.de/ords/f?p=900:2:::::P2_ID:43070,yes,yes
43073,Juliane (Julie) Auguste Christiane Bechtolsheim von,116100273,1753,1847,14,9,"mentioned,sender",Eisenach,50.9807,10.31522,Schriftstellerin,https://ores.klassik-stiftung.de/ords/f?p=900:2:::::P2_ID:43073,yes,no
43086,Sophie Karoline Becker,1044049561,1765,1828,1,1,"sender,mentioned",,,,,https://ores.klassik-stiftung.de/ords/f?p=900:2:::::P2_ID:43086,no,no
43101,Louise Amélie Berczy,,1789,1862,0,0,,,,,Kunsterzieherin,https://ores.klassik-stiftung.de/ords/f?p=900:2:::::P2_ID:43101,no,no
43103,Auguste Emilie Charlotte Bergius,,1797,1849,0,0,,Berlin,52.52437,13.41053,,https://ores.klassik-stiftung.de/ords/f?p=900:2:::::P2_ID:43103,no,no
43116,Christiane Henriette Bertuch,,1782,1852,0,0,,Dessau,51.83864,12.24555,,https://ores.klassik-stiftung.de/ords/f?p=900:2:::::P2_ID:43116,no,no
43123,Friederike Auguste Konradine Bethmann,118510347,1768,1815,22,57,"sender,mentioned",Gotha,50.94823,10.70193,Schauspielerin,https://ores.klassik-stiftung.de/ords/f?p=900:2:::::P2_ID:43123,yes,no
43138,Philippine Wilhelmine Beust Gräfin von,1032972718,1786,1834,0,0,,,,,Schriftstellerin,https://ores.klassik-stiftung.de/ords/f?p=900:2:::::P2_ID:43138,no,no
43159,Katharine Sophie Friederike Blomberg von,,1753,1819,0,0,,,,,,https://ores.klassik-stiftung.de/ords/f?p=900:2:::::P2_ID:43159,no,no
43181,Johanna Sophie Bohn,,1769,1834,0,0,,Stuttgart,48.78232,9.17702,,https://ores.klassik-stiftung.de/ords/f?p=900:2:::::P2_ID:43181,no,yes
43215,Anna Maria Brand,,1785,1856,0,0,,Frankfurt (Main),50.11552,8.68417,Schauspielerin,https://ores.klassik-stiftung.de/ords/f?p=900:2:::::P2_ID:43215,no,no
43252,Johanna Antonia Brentano,11867384X,1780,1869,24,41,"mentioned,sender",Wien,48.20833,16.37306,,https://ores.klassik-stiftung.de/ords/f?p=900:2:::::P2_ID:43252,yes,no
43260,Sophie Friederike Brentano,11858104X,1770,1806,4,14,"mentioned,sender",Jena,50.92878,11.5899,Übersetzerin,https://ores.klassik-stiftung.de/ords/f?p=900:2:::::P2_ID:43260,yes,yes
43273,"Johanna Margareta Christiane (Christine, Tina)  Brühl Gräfin von",116750715,1756,1816,3,0,sender,Berlin,52.52437,13.41053,,https://ores.klassik-stiftung.de/ords/f?p=900:2:::::P2_ID:43273,yes,no
43298,Marie Christiane Elisabeth Bürger,118517090,1769,1833,1,11,"sender,mentioned",Hamburg,53.58333,10.0,Schriftstellerin,https://ores.klassik-stiftung.de/ords/f?p=900:2:::::P2_ID:43298,yes,no
43337,Franziska (Fanny) Johanna  Caspers,1012181154,1787,1835,3,3,"mentioned,sender",Wien,48.20833,16.37306,Schauspielerin,https://ores.klassik-stiftung.de/ords/f?p=900:2:::::P2_ID:43337,yes,no
43346,Anna Dorothea Elisabeth de Chassepot,116492503,1779,1848,7,0,sender,,,,Hofdame,https://ores.klassik-stiftung.de/ords/f?p=900:2:::::P2_ID:43346,yes,no
43352,Wilhelmine (Helmina) Christiane Chézy von,119360659,1783,1856,6,7,"sender,mentioned",Wien,48.20833,16.37306,Schriftstellerin,https://ores.klassik-stiftung.de/ords/f?p=900:2:::::P2_ID:43352,yes,yes
43377,Marie Katharine Friederike Cornet,,1785,1823,0,0,,Neuburg a. d. Donau,48.73194,11.18694,,https://ores.klassik-stiftung.de/ords/f?p=900:2:::::P2_ID:43377,no,no
43404,Susanne Henriette Crayen von,1075465354,1755,1832,1,5,"mentioned,sender",Leipzig,51.33944,12.37111,Salonière,https://ores.klassik-stiftung.de/ords/f?p=900:2:::::P2_ID:43404,no,no
43518,Christiane Luise Duttenhofer,118681370,1776,1829,0,0,,,,,Silhouettenschneiderin,https://ores.klassik-stiftung.de/ords/f?p=900:2:::::P2_ID:43518,no,no
43566,Magdalene Philippine Engelhard,116489014,1756,1831,1,0,sender,Nürnberg,49.45421,11.07752,Schriftstellerin,https://ores.klassik-stiftung.de/ords/f?p=900:2:::::P2_ID:43566,no,no
43592,Karoline Esperance Marianne Eybenberg von,116320567,1770,1812,57,48,"mentioned,sender",Berlin,52.52437,13.41053,Salonière,https://ores.klassik-stiftung.de/ords/f?p=900:2:::::P2_ID:43592,yes,yes
43598,Dorothea Johanne Marie Färber,,1781,1842,0,0,,,,,,https://ores.klassik-stiftung.de/ords/f?p=900:2:::::P2_ID:43598,no,no
43602,Elisabeth Charlotte Karoline Falk,116394188,1780,1841,0,1,mentioned,Halle (Saale),51.5,12.0,,https://ores.klassik-stiftung.de/ords/f?p=900:2:::::P2_ID:43602,yes,no
43624,Henriette Amalie Dorothea Finck von Finckenstein Gräfin,1015492363,1774,1847,0,2,mentioned,,,,,https://ores.klassik-stiftung.de/ords/f?p=900:2:::::P2_ID:43624,no,no
43649,Johanna Katharina Friederike Focke,,1756,1809,0,0,,,,,,https://ores.klassik-stiftung.de/ords/f?p=900:2:::::P2_ID:43649,no,no
43658,Marie Renée Louise Foucquet de,,1778,1845,0,0,,,,,,https://ores.klassik-stiftung.de/ords/f?p=900:2:::::P2_ID:43658,yes,yes
43660,Karoline Philippine de la Motte-[F.] Fouqué,118692321,1775,1831,2,4,"sender,mentioned",,,,Schriftstellerin,https://ores.klassik-stiftung.de/ords/f?p=900:2:::::P2_ID:43660,no,no
43664,Friederike Dorothea Karoline Franckenberg und Ludwigsdorf von,116698047,1745,1832,3,11,"mentioned,sender",,,,,https://ores.klassik-stiftung.de/ords/f?p=900:2:::::P2_ID:43664,yes,no
43682,Amalia Luise Konstantine Fritsch von,,1756,1811,0,0,,Graitschen b. Bürgel,50.95833,11.72056,,https://ores.klassik-stiftung.de/ords/f?p=900:2:::::P2_ID:43682,no,no
43683,Henriette Albertine Antonie Fritsch von,116825197,1776,1859,10,16,"sender,mentioned",Stuttgart,48.78232,9.17702,,https://ores.klassik-stiftung.de/ords/f?p=900:2:::::P2_ID:43683,yes,no
43687,Dorothea Friederika Henriette Frölich,131967630,1768,1833,1,0,sender,,,,Schriftstellerin,https://ores.klassik-stiftung.de/ords/f?p=900:2:::::P2_ID:43687,no,no
43688,Sophia Alwina (Albina) Frommann,116839112,1800,1875,1,16,"mentioned,sender",Jena,50.92878,11.5899,Illustratorin,https://ores.klassik-stiftung.de/ords/f?p=900:2:::::P2_ID:43688,yes,yes
43690,Johanna Charlotte Frommann,116839392,1765,1830,11,59,"mentioned,sender",Hamburg,53.58333,10.0,Miniaturmalerin,https://ores.klassik-stiftung.de/ords/f?p=900:2:::::P2_ID:43690,yes,yes
43705,Adelheid Amalia Gallitzin Fürstin,118537342,1748,1806,8,23,"mentioned,sender",Münster (Westfalen),51.96236,7.62571,Schriftstellerin,https://ores.klassik-stiftung.de/ords/f?p=900:2:::::P2_ID:43705,yes,no
43722,Karoline Christine Genast,116539941,1798,1860,1,1,"mentioned,sender",Frankfurt (Main),50.11552,8.68417,Schauspielerin,https://ores.klassik-stiftung.de/ords/f?p=900:2:::::P2_ID:43722,no,no
43735,Karoline Luise Germar von,,1771,1834,0,0,,,,,,https://ores.klassik-stiftung.de/ords/f?p=900:2:::::P2_ID:43735,no,no
43753,Karoline Amalie Gildemeister,10437442X,1759,1844,1,1,"sender,mentioned",Weimar,50.9803,11.32903,Kammerfrau,https://ores.klassik-stiftung.de/ords/f?p=900:2:::::P2_ID:43753,yes,no
43766,Luise Ernestine Christiane Juliane Göchhausen von,118695681,1752,1807,34,37,"sender,mentioned",Eisenach,50.9807,10.31522,Hofdame,https://ores.klassik-stiftung.de/ords/f?p=900:2:::::P2_ID:43766,yes,no
43767,Emilie Henriette Rosamunde Karoline Friederike Luise Gödör,,1799,1866,0,0,,,,,,https://ores.klassik-stiftung.de/ords/f?p=900:2:::::P2_ID:43767,no,no
43775,Christine Karoline Goertzke von,,1772,1836,0,0,,,,,,https://ores.klassik-stiftung.de/ords/f?p=900:2:::::P2_ID:43775,no,no
43779,Johanna Christiane Sophie Goethe von,118628011,1765,1816,249,662,"mentioned,sender",Weimar,50.9803,11.32903,,https://ores.klassik-stiftung.de/ords/f?p=900:2:::::P2_ID:43779,yes,yes
43781,Katharina Elisabeth Goethe,118540246,1731,1808,170,138,"sender,mentioned",Frankfurt (Main),50.11552,8.68417,,https://ores.klassik-stiftung.de/ords/f?p=900:2:::::P2_ID:43781,yes,yes
43782,Ottilie Wilhelmine Ernestine Henriette Goethe von,118540254,1796,1872,65,412,"sender,mentioned",,,,,https://ores.klassik-stiftung.de/ords/f?p=900:2:::::P2_ID:43782,yes,yes
43787,Goetze  (Frau von) von,,,,0,0,,,,,,https://ores.klassik-stiftung.de/ords/f?p=900:2:::::P2_ID:43787,no,no
43805,Elisabeth Maria Gore,116774398,1753,1802,20,5,"sender,mentioned",Weimar,50.9803,11.32903,Malerin,https://ores.klassik-stiftung.de/ords/f?p=900:2:::::P2_ID:43805,yes,yes
43841,Friederike Karoline Sophie Alexandrine Großbritannien Prinzessin von,118823663,1778,1841,3,29,"mentioned,sender",,,,,https://ores.klassik-stiftung.de/ords/f?p=900:2:::::P2_ID:43841,yes,no
43848,Dorothee Großmann,140233601,1793,1869,1,0,sender,,,,Schauspielerin,https://ores.klassik-stiftung.de/ords/f?p=900:2:::::P2_ID:43848,no,no
43849,Sophie Leopoldine Wilhelmine Grotthuß von,116878428,1763,1828,36,19,"mentioned,sender",Berlin,52.52437,13.41053,Salonière,https://ores.klassik-stiftung.de/ords/f?p=900:2:::::P2_ID:43849,yes,yes
43868,Johannetta Luisa Christophina Güldenapfel,,1777,1853,0,0,,,,,,https://ores.klassik-stiftung.de/ords/f?p=900:2:::::P2_ID:43868,no,no
43872,Wilhelmine Karoline Eleonore Günderrode von,1182269656,1767,1857,1,2,"mentioned,sender",,,,,https://ores.klassik-stiftung.de/ords/f?p=900:2:::::P2_ID:43872,no,no
43892,Charlotte Christiane Luise Haeseler Gräfin von,,1773,1812,0,0,,,,,,https://ores.klassik-stiftung.de/ords/f?p=900:2:::::P2_ID:43892,no,no
43894,Barbara Sophia Häßler,129169420,1761,1844,1,0,sender,,,,Sängerin,https://ores.klassik-stiftung.de/ords/f?p=900:2:::::P2_ID:43894,no,no
43920,Marie Josephine Eleonore Harrach Gräfin von,,1763,1833,0,0,,Wien,48.20833,16.37306,,https://ores.klassik-stiftung.de/ords/f?p=900:2:::::P2_ID:43920,yes,no
43928,Kornelia Henriette Franziska Hasenclever,11651177X,1781,1851,1,12,"mentioned,sender",Frankfurt (Main),50.11552,8.68417,,https://ores.klassik-stiftung.de/ords/f?p=900:2:::::P2_ID:43928,yes,yes
43958,Anna Amalia Helvig,118549006,1776,1831,36,63,"sender,mentioned",Erlangen,49.59099,11.00783,Malerin,https://ores.klassik-stiftung.de/ords/f?p=900:2:::::P2_ID:43958,yes,no
43961,Eleonore Maximiliane Ottilie Luise Henckel von Donnersmarck Gräfin von,116700289,1756,1843,4,47,"mentioned,sender",,,,Oberhofmeisterin,https://ores.klassik-stiftung.de/ords/f?p=900:2:::::P2_ID:43961,yes,yes
43984,Maria Karolina Herder,118549561,1750,1809,30,32,"mentioned,sender",Weimar,50.9803,11.32903,,https://ores.klassik-stiftung.de/ords/f?p=900:2:::::P2_ID:43984,yes,no
44000,Marianne Juliane Johanne Hertel,,1769,1851,0,0,,,,,,https://ores.klassik-stiftung.de/ords/f?p=900:2:::::P2_ID:44000,no,no
44010,Luise Karoline Henriette Hessen-Darmstadt Großherzogin von,122144651,1761,1829,1,10,"mentioned,sender",,,,,https://ores.klassik-stiftung.de/ords/f?p=900:2:::::P2_ID:44010,yes,yes
44017,Friederike Christiane Auguste Hessen-Kassel Kurprinzessin von,119314088,1780,1841,4,16,"mentioned,sender",,,,,https://ores.klassik-stiftung.de/ords/f?p=900:2:::::P2_ID:44017,no,no
44018,Karoline Friederike Wilhelmine Hessen-Kassel Prinzessin von,1189378086,1799,1854,1,6,"mentioned,sender",,,,,https://ores.klassik-stiftung.de/ords/f?p=900:2:::::P2_ID:44018,no,no
44029,Henriette Karoline Friederike Heygendorff von,118550675,1777,1848,16,181,"mentioned,sender",Dresden,51.05089,13.73832,Sängerin,https://ores.klassik-stiftung.de/ords/f?p=900:2:::::P2_ID:44029,yes,no
44058,Elise Philippine Amalie Hohenhausen von,116953624,1789,1857,0,0,,,,,Schriftstellerin,https://ores.klassik-stiftung.de/ords/f?p=900:2:::::P2_ID:44058,no,no
44069,Karoline Rosine Hopffgarten Gräfin von,,1785,1860,0,0,,,,,,https://ores.klassik-stiftung.de/ords/f?p=900:2:::::P2_ID:44069,no,no
44071,Sophie Karoline Hopffgarten von,1052846572,1770,1837,52,15,"sender,mentioned",,,,Oberhofmeisterin,https://ores.klassik-stiftung.de/ords/f?p=900:2:::::P2_ID:44071,yes,no
44079,Susanna Horstig,1018045864,1768,1845,1,1,"sender,mentioned",,,,Schriftstellerin,https://ores.klassik-stiftung.de/ords/f?p=900:2:::::P2_ID:44079,yes,no
44081,Maria Theresia (Therese) Wilhelmine Huber,118883712,1764,1829,0,3,mentioned,Wilna,54.68916,25.2798,Schriftstellerin,https://ores.klassik-stiftung.de/ords/f?p=900:2:::::P2_ID:44081,yes,no
44098,Karoline Friederike Humboldt von,118554719,1766,1829,5,68,"mentioned,sender",,,,,https://ores.klassik-stiftung.de/ords/f?p=900:2:::::P2_ID:44098,yes,no
44107,Christiana Elmire Hunnius,,1762,1806,0,0,,,,,,https://ores.klassik-stiftung.de/ords/f?p=900:2:::::P2_ID:44107,no,no
44110,Augusta Karoline Ernestine Hunnius,,1772,,0,0,,,,,,https://ores.klassik-stiftung.de/ords/f?p=900:2:::::P2_ID:44110,no,no
44131,Helene Elisabeth  (Betty) Jacobi,18943127X,1743,1784,3,4,"sender,mentioned",,,,,https://ores.klassik-stiftung.de/ords/f?p=900:2:::::P2_ID:44131,yes,no
44141,Susanne Helene (Lene) Jacobi,117037699,1753,1838,1,21,"mentioned,sender",,,,,https://ores.klassik-stiftung.de/ords/f?p=900:2:::::P2_ID:44141,yes,no
44158,Elisabeth Jung,1167199537,1756,1817,1,0,sender,,,,,https://ores.klassik-stiftung.de/ords/f?p=900:2:::::P2_ID:44158,no,no
44170,Charlotte Sophie Juliane Kalb von,11871483X,1761,1843,32,17,"sender,mentioned",Berlin,52.52437,13.41053,Schriftstellerin,https://ores.klassik-stiftung.de/ords/f?p=900:2:::::P2_ID:44170,yes,no
44190,Charlotte Friederika Keil,,1757,1805,0,0,,,,,Haushälterin,https://ores.klassik-stiftung.de/ords/f?p=900:2:::::P2_ID:44190,no,no
44199,Charlotte Sophie Henriette Kestner,118638076,1753,1828,3,14,"mentioned,sender",Wetzlar,50.56109,8.50495,,https://ores.klassik-stiftung.de/ords/f?p=900:2:::::P2_ID:44199,yes,no
44207,Auguste Charlotte Kielmannsegge Gräfin von,116157364,1777,1863,0,0,,,,,,https://ores.klassik-stiftung.de/ords/f?p=900:2:::::P2_ID:44207,no,no
44209,Natalie Charlotte Ferdinande Kielmannsegge Gräfin von,116168218,1803,1883,0,0,,,,,Lehrerin,https://ores.klassik-stiftung.de/ords/f?p=900:2:::::P2_ID:44209,no,no
44225,Marie Margarete Philippine Kleist von,1211119890,1761,1831,1,1,"sender,mentioned",Berlin,52.52437,13.41053,Hofdame,https://ores.klassik-stiftung.de/ords/f?p=900:2:::::P2_ID:44225,no,no
44246,Luise Dorothea Ulrike Emilie Knebel von,116251069,1777,1852,1,128,"mentioned,sender",Weimar,50.9803,11.32903,Gesellschafterin,https://ores.klassik-stiftung.de/ords/f?p=900:2:::::P2_ID:44246,yes,no
44248,Magdalena Henriette Knebel von,116250933,1755,1813,2,44,"mentioned,sender",Ludwigslust,53.32917,11.49714,Erzieherin,https://ores.klassik-stiftung.de/ords/f?p=900:2:::::P2_ID:44248,yes,no
44255,Johanna Sophie Dorothea Koels,,1763,1832,0,0,,Berlin,52.52437,13.41053,,https://ores.klassik-stiftung.de/ords/f?p=900:2:::::P2_ID:44255,no,no
44266,Emma Sophie Körner,116297085,1788,1815,1,9,"mentioned,sender",Dresden,51.05089,13.73832,Malerin,https://ores.klassik-stiftung.de/ords/f?p=900:2:::::P2_ID:44266,yes,no
44275,Agnes Silvia Dorothea Koethe,116301864,1785,1858,4,3,"sender,mentioned",,,,,https://ores.klassik-stiftung.de/ords/f?p=900:2:::::P2_ID:44275,yes,yes
44287,Maria Christiana Kobe Koppenfels von,1176580663,1748,1810,7,2,"sender,mentioned",Eisenach,50.9807,10.31522,,https://ores.klassik-stiftung.de/ords/f?p=900:2:::::P2_ID:44287,yes,no
44294,Anna Christiane Kotzebue,116345284,1736,1828,4,5,"mentioned,sender",,,,,https://ores.klassik-stiftung.de/ords/f?p=900:2:::::P2_ID:44294,yes,no
44311,Sophie Friederike Krickeberg,116535547,1770,1842,2,5,"mentioned,sender",Gotha,50.94823,10.70193,Schauspielerin,https://ores.klassik-stiftung.de/ords/f?p=900:2:::::P2_ID:44311,yes,no
44314,Karoline Luisa Wilhelmine Kröber,1042981728,1765,1831,1,0,sender,,,,Schriftstellerin,https://ores.klassik-stiftung.de/ords/f?p=900:2:::::P2_ID:44314,no,no
44336,Anna Charlotte Dorothea Kurland Herzogin von,118680471,1761,1821,2,21,"mentioned,sender",,,,,https://ores.klassik-stiftung.de/ords/f?p=900:2:::::P2_ID:44336,yes,no
44355,Marie Sophie La Roche von,118569767,1730,1807,2,22,"mentioned,sender",Kaufbeuren,47.88238,10.62192,Schriftstellerin,https://ores.klassik-stiftung.de/ords/f?p=900:2:::::P2_ID:44355,yes,yes
44384,Amalie Theodore Karoline Levetzow von,116207094,1788,1868,1,5,"mentioned,sender",,,,,https://ores.klassik-stiftung.de/ords/f?p=900:2:::::P2_ID:44384,no,no
44396,Marie Friederike Lieber,,,,0,0,,,,,Erzieherin,https://ores.klassik-stiftung.de/ords/f?p=900:2:::::P2_ID:44396,yes,no
44412,Agnes Mathilde Lincker von,,1801,1830,0,0,,,,,,https://ores.klassik-stiftung.de/ords/f?p=900:2:::::P2_ID:44412,no,yes
44415,Karoline (Lili) Christiane Eleonore Lincker (Linker) und Lützenwick von,,1779,1864,0,0,,,,,,https://ores.klassik-stiftung.de/ords/f?p=900:2:::::P2_ID:44415,no,yes
44422,Friederike Julie Lisiewska (von),136755593,1772,1856,2,0,sender,,,,Bildnismalerin,https://ores.klassik-stiftung.de/ords/f?p=900:2:::::P2_ID:44422,no,no
44429,Charlotte Luise Auguste Loder von,11708381X,1773,1847,0,19,mentioned,,,,,https://ores.klassik-stiftung.de/ords/f?p=900:2:::::P2_ID:44429,yes,no
44502,Susanne Marianne Louise Martin,,1788,1831,0,0,,,,,Erzieherin,https://ores.klassik-stiftung.de/ords/f?p=900:2:::::P2_ID:44502,yes,no
44523,Karoline Luise Mecklenburg-Schwerin Erbgroßherzogin von,1052525725,1786,1816,14,103,"mentioned,sender",Weimar,50.9803,11.32903,,https://ores.klassik-stiftung.de/ords/f?p=900:2:::::P2_ID:44523,yes,yes
44537,Johanna Maria Melber,11687256X,1734,1823,5,16,"mentioned,sender",Frankfurt (Main),50.11552,8.68417,,https://ores.klassik-stiftung.de/ords/f?p=900:2:::::P2_ID:44537,yes,yes
44542,Fanny Cäcilie Mendelssohn Bartholdy,118580736,1805,1847,0,7,mentioned,,,,Pianistin,https://ores.klassik-stiftung.de/ords/f?p=900:2:::::P2_ID:44542,no,no
44543,Felizia Pauline Lea Mendelssohn Bartholdy,116881119,,1842,0,8,mentioned,Berlin,52.52437,13.41053,Pianistin,https://ores.klassik-stiftung.de/ords/f?p=900:2:::::P2_ID:44543,no,no
44575,Sophie Dorothea Elisabeth Meyer,,1789,1872,0,0,,,,,,https://ores.klassik-stiftung.de/ords/f?p=900:2:::::P2_ID:44575,yes,no
44582,Pauline Anna Milder,117041556,1785,1838,0,16,mentioned,Wien,48.20833,16.37306,Sängerin,https://ores.klassik-stiftung.de/ords/f?p=900:2:::::P2_ID:44582,no,no
44589,Johanna Maria Elisabeth Mohr,,1768,1834,0,0,,Jena,50.92878,11.5899,Holzwarenhändlerin,https://ores.klassik-stiftung.de/ords/f?p=900:2:::::P2_ID:44589,no,no
44593,Artemisia Henriette Marianne Montenglaut von,117133817,1768,1838,1,1,"sender,mentioned",,,,Sängerin,https://ores.klassik-stiftung.de/ords/f?p=900:2:::::P2_ID:44593,no,no
44630,Karoline Luise Müller,,1788,,0,0,,Danzig,54.35205,18.64637,Schauspielerin,https://ores.klassik-stiftung.de/ords/f?p=900:2:::::P2_ID:44630,no,no
44686,Luise Maria Anna Nicolovius,116996617,1774,1811,0,16,mentioned,Berlin,52.52437,13.41053,,https://ores.klassik-stiftung.de/ords/f?p=900:2:::::P2_ID:44686,yes,yes
44692,Luise Friederike Niebecker von,1032433051,1775,1843,3,2,"mentioned,sender",,,,,https://ores.klassik-stiftung.de/ords/f?p=900:2:::::P2_ID:44692,yes,no
44708,Elisabeth Wilhelmine Nuys van,1020124741,1768,1834,1,2,"mentioned,sender",,,,,https://ores.klassik-stiftung.de/ords/f?p=900:2:::::P2_ID:44708,yes,no
44716,Wilhelmine (Mimi) Henriette Oertel von,1032419644,1764,,1,1,"sender,mentioned",Weimar,50.9803,11.32903,,https://ores.klassik-stiftung.de/ords/f?p=900:2:::::P2_ID:44716,yes,no
44718,Friederike Elisabeth Oeser,117106666,1748,1829,1,0,sender,,,,,https://ores.klassik-stiftung.de/ords/f?p=900:2:::::P2_ID:44718,yes,no
44745,Christiane Luise Orttenburg Gräfin von,1036767213,1753,1826,1,0,sender,,,,Regentin,https://ores.klassik-stiftung.de/ords/f?p=900:2:::::P2_ID:44745,no,no
44759,Jeanne Augusta Suzanne Pallard,102139453X,1797,1880,1,34,"mentioned,sender",,,,Erzieherin,https://ores.klassik-stiftung.de/ords/f?p=900:2:::::P2_ID:44759,no,no
44761,Luise Friederike Auguste Panhuys van,11908967X,1763,1844,1,2,"sender,mentioned",,,,Malerin,https://ores.klassik-stiftung.de/ords/f?p=900:2:::::P2_ID:44761,yes,no
44763,Jenny Katharine Pappenheim Gräfin von,119545756,1811,1890,0,0,,Weimar,50.9803,11.32903,Schriftstellerin,https://ores.klassik-stiftung.de/ords/f?p=900:2:::::P2_ID:44763,yes,no
44777,Elisabeth Friederike Karoline Paulus,116066563,1767,1844,4,8,"mentioned,sender",Schorndorf,48.80528,9.52694,Schriftstellerin,https://ores.klassik-stiftung.de/ords/f?p=900:2:::::P2_ID:44777,yes,no
44799,Marie Luise Sophie Friederike Phuhl von,,1738,1818,0,0,,Weimar,50.9803,11.32903,,https://ores.klassik-stiftung.de/ords/f?p=900:2:::::P2_ID:44799,no,no
44810,Luise Augusta Philippina Pistorius,116192798,1775,1853,1,0,sender,Mannheim,49.4891,8.46694,,https://ores.klassik-stiftung.de/ords/f?p=900:2:::::P2_ID:44810,yes,no
44815,Henriette Ottilie Ulrike Pogwisch von,119219611,1776,1851,3,75,"mentioned,sender",Weimar,50.9803,11.32903,Hofdame,https://ores.klassik-stiftung.de/ords/f?p=900:2:::::P2_ID:44815,no,yes
44816,Ulrike Henriette Adele Elmire (Eleonore) Pogwisch von,116259779,1798,1875,9,131,"mentioned,sender",Weimar,50.9803,11.32903,,https://ores.klassik-stiftung.de/ords/f?p=900:2:::::P2_ID:44816,no,yes
44829,Amalie Marie Anne (Marianne) Preußen von,119259737,1785,1846,1,21,"mentioned,sender",Berlin,52.52437,13.41053,,https://ores.klassik-stiftung.de/ords/f?p=900:2:::::P2_ID:44829,yes,no
44861,Friederike Dorothea Luise Philippine Radziwill Fürstin,101453124,1770,1836,0,17,mentioned,,,,,https://ores.klassik-stiftung.de/ords/f?p=900:2:::::P2_ID:44861,no,no
44885,Charlotte Elisabeth (Elisa) Konstantia  Recke von der,118743627,1754,1833,2,19,"mentioned,sender",Dresden,51.05089,13.73832,Schriftstellerin,https://ores.klassik-stiftung.de/ords/f?p=900:2:::::P2_ID:44885,yes,no
44886,Johanne Karoline Friederike Reden Gräfin von,124300162,1774,1854,2,1,"sender,mentioned",,,,Pietistin,https://ores.klassik-stiftung.de/ords/f?p=900:2:::::P2_ID:44886,yes,no
44915,Sophie Karoline Reinhard,1038466490,1801,1861,0,24,mentioned,,,,,https://ores.klassik-stiftung.de/ords/f?p=900:2:::::P2_ID:44915,no,no
44919,Christiane Henriette (Tinette) Reitzenstein von,,1784,1837,0,0,,Weimar,50.9803,11.32903,,https://ores.klassik-stiftung.de/ords/f?p=900:2:::::P2_ID:44919,yes,yes
44924,Maria Johanna Renner,129461288,1775,1824,1,2,"mentioned,sender",Bamberg,49.89861,10.90056,Sängerin,https://ores.klassik-stiftung.de/ords/f?p=900:2:::::P2_ID:44924,no,no
44932,Friederike Juliane Reventlow Gräfin von,116457317,1762,1816,0,3,mentioned,Emkendorf,54.26667,9.85,Schriftstellerin,https://ores.klassik-stiftung.de/ords/f?p=900:2:::::P2_ID:44932,yes,no
44943,Karoline Wilhelmina Henrietta Johanna Riemer,116543701,1790,1855,0,22,mentioned,Rudolstadt,50.72043,11.34046,Sekretärin,https://ores.klassik-stiftung.de/ords/f?p=900:2:::::P2_ID:44943,yes,no
44977,Dorothea Katharina Rost,,1759,1844,0,0,,Weimar,50.9803,11.32903,,https://ores.klassik-stiftung.de/ords/f?p=900:2:::::P2_ID:44977,no,no
45034,Maria Charlotte Amalie Ernestine Wilhelmine Henriette Philippine Sachsen-Gotha und Altenburg Herzogin von,124959571,1751,1827,5,5,"sender,mentioned",,,,,https://ores.klassik-stiftung.de/ords/f?p=900:2:::::P2_ID:45034,yes,no
45046,Luise Augusta Sachsen-Weimar-Eisenach Großherzogin von,115363688,1757,1830,65,416,"mentioned,sender",Berlin,52.52437,13.41053,,https://ores.klassik-stiftung.de/ords/f?p=900:2:::::P2_ID:45046,yes,yes
45051,Maria Luise Augusta Katharina Sachsen-Weimar-Eisenach Prinzessin von,118651102,1811,1890,0,118,mentioned,Berlin,52.52437,13.41053,Königin von Preußen,https://ores.klassik-stiftung.de/ords/f?p=900:2:::::P2_ID:45051,no,yes
45063,Sophia (Sophie) Friederika Henriette Sander,116781025,1768,1828,6,12,"mentioned,sender",Pyrmont,51.98528,9.26222,Salonière,https://ores.klassik-stiftung.de/ords/f?p=900:2:::::P2_ID:45063,yes,no
45070,Karoline Dorothee Sartorius von,116809736,1779,1830,1,46,"mentioned,sender",Göttingen,51.53443,9.93228,,https://ores.klassik-stiftung.de/ords/f?p=900:2:::::P2_ID:45070,yes,no
45082,Karoline Henriette Marie Schadow,1050552458,1784,1832,1,7,"sender,mentioned",Berlin,52.52437,13.41053,,https://ores.klassik-stiftung.de/ords/f?p=900:2:::::P2_ID:45082,no,no
45090,Friederike Sophie Eleonore Schardt von,117106445,1755,1819,15,18,"sender,mentioned",Weimar,50.9803,11.32903,Lyrikerin,https://ores.klassik-stiftung.de/ords/f?p=900:2:::::P2_ID:45090,yes,yes
45095,Sophie Luise Schaumann,,1775,1850,0,0,,Gießen,50.58727,8.67554,,https://ores.klassik-stiftung.de/ords/f?p=900:2:::::P2_ID:45095,no,no
45110,Angelika Amalie Pauline Schelling von,118607065,,1854,0,1,mentioned,Gotha,50.94823,10.70193,,https://ores.klassik-stiftung.de/ords/f?p=900:2:::::P2_ID:45110,yes,no
45111,Dorothea Karoline Albertine Schelling von,118607049,1763,1809,3,41,"mentioned,sender",Göttingen,51.53443,9.93228,Schriftstellerin,https://ores.klassik-stiftung.de/ords/f?p=900:2:::::P2_ID:45111,yes,no
45127,Luise Antoinette Charlotte Schiller,118754971,1766,1826,65,130,"mentioned,sender",Weimar,50.9803,11.32903,,https://ores.klassik-stiftung.de/ords/f?p=900:2:::::P2_ID:45127,yes,yes
45134,Dorothea Friederike Schlegel von,118607979,1764,1839,0,8,mentioned,Berlin,52.52437,13.41053,Übersetzerin,https://ores.klassik-stiftung.de/ords/f?p=900:2:::::P2_ID:45134,yes,no
45158,Johanna Katharina Sibylla Schlosser,116381256,1744,1821,2,30,"mentioned,sender",Frankfurt (Main),50.11552,8.68417,,https://ores.klassik-stiftung.de/ords/f?p=900:2:::::P2_ID:45158,yes,yes
45163,Margarete Rebekka Elisabeth Schlosser,117330302,1749,1819,1,44,"mentioned,sender",Frankfurt (Main),50.11552,8.68417,,https://ores.klassik-stiftung.de/ords/f?p=900:2:::::P2_ID:45163,yes,no
45165,Sophie Johanna Schlosser,117330388,1786,1865,2,52,"mentioned,sender",Frankfurt (Main),50.11552,8.68417,,https://ores.klassik-stiftung.de/ords/f?p=900:2:::::P2_ID:45165,no,no
45170,Andrienne Jeanne Schmidt von,,1787,1820,0,0,,Genf,46.20222,6.14569,Erzieherin,https://ores.klassik-stiftung.de/ords/f?p=900:2:::::P2_ID:45170,no,no
45178,Johanna Maria Schmidt,,1805,,0,0,,,,,,https://ores.klassik-stiftung.de/ords/f?p=900:2:::::P2_ID:45178,no,no
45204,Adelheid Carolath-Beuthen Fürstin zu,116457538,1797,1849,0,0,,Carolath,51.76864,15.81396,,https://ores.klassik-stiftung.de/ords/f?p=900:2:::::P2_ID:45204,no,no
45214,Johanna Henriette Schopenhauer,118610473,1766,1838,5,71,"mentioned,sender",Weimar,50.9803,11.32903,Schriftstellerin,https://ores.klassik-stiftung.de/ords/f?p=900:2:::::P2_ID:45214,yes,yes
45215,Luise Adelaide (Adele) Lavinia  Schopenhauer,11880510X,1797,1849,8,60,"mentioned,sender",Weimar,50.9803,11.32903,Malerin,https://ores.klassik-stiftung.de/ords/f?p=900:2:::::P2_ID:45215,yes,yes
45261,Karolina Friederika Christiana Schumann,,1792,1864,0,0,,Weimar,50.9803,11.32903,,https://ores.klassik-stiftung.de/ords/f?p=900:2:::::P2_ID:45261,no,no
45287,Auguste Sophie Henriette Schwendler von,117418269,1773,1853,0,2,mentioned,,,,Schriftstellerin,https://ores.klassik-stiftung.de/ords/f?p=900:2:::::P2_ID:45287,no,no
45296,Alexandrine Charlotte Marianne Wilhelmine  Seckendorff von,117459240,1748,1819,1,0,sender,,,,Staatsdame,https://ores.klassik-stiftung.de/ords/f?p=900:2:::::P2_ID:45296,no,no
45309,Amalie Karoline Henriette Charlotte Wilhelmine Seebach von,116868589,1802,1879,0,1,mentioned,,,,Schriftstellerin,https://ores.klassik-stiftung.de/ords/f?p=900:2:::::P2_ID:45309,no,no
45315,Juliane Ulrika Amalia Seebeck,,1774,1861,0,0,,,,,,https://ores.klassik-stiftung.de/ords/f?p=900:2:::::P2_ID:45315,no,no
45320,Karoline Sophie Luise Seidler,118760653,1786,1866,22,43,"mentioned,sender",Dresden,51.05089,13.73832,Zeichenlehrerin,https://ores.klassik-stiftung.de/ords/f?p=900:2:::::P2_ID:45320,yes,no
45327,Anna Charlotte Servière,117470309,1773,1862,1,0,sender,,,,,https://ores.klassik-stiftung.de/ords/f?p=900:2:::::P2_ID:45327,no,yes
45328,Paula Maria Walburgis  Servière,117470317,1773,1832,13,17,"sender,mentioned",,,,,https://ores.klassik-stiftung.de/ords/f?p=900:2:::::P2_ID:45328,yes,yes
45345,Henriette Johanne Franziska Charlotte Solger,117460915,1790,1867,0,0,,Dresden,51.05089,13.73832,,https://ores.klassik-stiftung.de/ords/f?p=900:2:::::P2_ID:45345,no,no
45363,Wilhelmine Emilie Spiegel von und zu Pickelsheim,117493406,1787,1870,3,5,"mentioned,sender",Weimar,50.9803,11.32903,Hofdame,https://ores.klassik-stiftung.de/ords/f?p=900:2:::::P2_ID:45363,no,no
45379,Anne Louise Germaine de Staël (S.-Holstein),118616617,1766,1817,24,131,"mentioned,sender",Paris,48.85341,2.3488,Schriftstellerin,https://ores.klassik-stiftung.de/ords/f?p=900:2:::::P2_ID:45379,yes,no
45391,Amalie (Amélie) Konstantine Luise Henriette Stein von,118617214,1775,1860,1,7,"mentioned,sender",,,,,https://ores.klassik-stiftung.de/ords/f?p=900:2:::::P2_ID:45391,yes,yes
45394,Charlotte Albertine Ernestine Stein von,118617222,1742,1827,86,99,"sender,mentioned",Weimar,50.9803,11.32903,Hofdame,https://ores.klassik-stiftung.de/ords/f?p=900:2:::::P2_ID:45394,yes,yes
45425,Esther Maria Margarete Stock,11726086X,1755,1825,4,21,"mentioned,sender",Frankfurt (Main),50.11552,8.68417,,https://ores.klassik-stiftung.de/ords/f?p=900:2:::::P2_ID:45425,yes,no
45438,Sophie Charlotte Eleonore Stolberg-Stolberg Gräfin zu,117286370,1765,1842,1,0,sender,,,,,https://ores.klassik-stiftung.de/ords/f?p=900:2:::::P2_ID:45438,yes,no
45480,Franziska Fanny Christiane Johanne Friederike  Tarnow,118837052,1779,1862,1,1,"mentioned,sender",Dessau,51.83864,12.24555,Erzieherin,https://ores.klassik-stiftung.de/ords/f?p=900:2:::::P2_ID:45480,no,no
45503,Eleonore Sophie Auguste Thon,130110973,1753,1807,4,0,sender,Eisenach,50.9807,10.31522,Schriftstellerin,https://ores.klassik-stiftung.de/ords/f?p=900:2:::::P2_ID:45503,yes,no
45532,Eleonore Erdmute Trebra von,,1764,1844,0,0,,,,,,https://ores.klassik-stiftung.de/ords/f?p=900:2:::::P2_ID:45532,no,no
45545,Eleonore (Lorette) Ernestine Friederike Tümpling von,,1766,1840,0,0,,Weimar,50.9803,11.32903,Hofdame,https://ores.klassik-stiftung.de/ords/f?p=900:2:::::P2_ID:45545,no,no
45551,Anna Elisabeth (Lili Elise) Türckheim von,118795333,1758,1817,2,6,"mentioned,sender",Frankfurt (Main),50.11552,8.68417,Goethes Verlobte,https://ores.klassik-stiftung.de/ords/f?p=900:2:::::P2_ID:45551,yes,no
45567,Friederike Helene Unger,117293091,1741,1813,2,8,"sender,mentioned",,,,Schriftstellerin,https://ores.klassik-stiftung.de/ords/f?p=900:2:::::P2_ID:45567,yes,no
45574,Johanna Sophia Friederika Unzelmann,116128143,1785,1855,2,19,"mentioned,sender",Weimar,50.9803,11.32903,Schauspielerin,https://ores.klassik-stiftung.de/ords/f?p=900:2:::::P2_ID:45574,no,no
45592,Christiane Elise Sabine Vernejoul von (de),1283238225,1768,1809,0,0,,Bayreuth,49.94778,11.57889,,https://ores.klassik-stiftung.de/ords/f?p=900:2:::::P2_ID:45592,yes,no
45610,Amalie Henriette Karoline Voigt von,119333376,1778,1840,2,15,"mentioned,sender",Dresden,51.05089,13.73832,Übersetzerin,https://ores.klassik-stiftung.de/ords/f?p=900:2:::::P2_ID:45610,yes,no
45611,Amalie Karoline Friederike Voigt von,1118380401,1766,1843,1,25,"mentioned,sender",,,,,https://ores.klassik-stiftung.de/ords/f?p=900:2:::::P2_ID:45611,no,no
45618,Maria Susanna (Susette) Voigt,,1792,1877,0,0,,Frankfurt (Main),50.11552,8.68417,,https://ores.klassik-stiftung.de/ords/f?p=900:2:::::P2_ID:45618,no,no
45619,Johanna (Jenny) Wilhelmina Juliana Voigts von,117478598,1749,1814,1,1,"sender,mentioned",,,,Schriftstellerin,https://ores.klassik-stiftung.de/ords/f?p=900:2:::::P2_ID:45619,yes,no
45623,Amalie Friederike Wilhelmine Ernestine Voß von,,1763,1809,0,0,,,,,,https://ores.klassik-stiftung.de/ords/f?p=900:2:::::P2_ID:45623,yes,yes
45628,Marie Christi(a)ne Henriette Ernestine Voß,11623346X,1756,1834,0,15,mentioned,Heidelberg,49.40768,8.69079,,https://ores.klassik-stiftung.de/ords/f?p=900:2:::::P2_ID:45628,yes,no
45635,Sophie (Josephine) Helene Christiane Vulpius,103844991X,1780,1856,1,19,"sender,mentioned",,,,,https://ores.klassik-stiftung.de/ords/f?p=900:2:::::P2_ID:45635,no,no
45680,Magdalena Barbara (Babet) Margareta Weber,,1771,1832,0,0,,Nürnberg,49.45421,11.07752,,https://ores.klassik-stiftung.de/ords/f?p=900:2:::::P2_ID:45680,yes,no
45684,Johanna Marianne Henriette Wedel von,117206105,1752,1815,4,10,"mentioned,sender",Weimar,50.9803,11.32903,Hofdame,https://ores.klassik-stiftung.de/ords/f?p=900:2:::::P2_ID:45684,yes,no
45707,Elisabeth (Elise) Amalie Leonore Karoline Georgine Werthern von,,1790,1822,0,0,,,,,,https://ores.klassik-stiftung.de/ords/f?p=900:2:::::P2_ID:45707,no,no
45710,Christiane Benedikte Johanne Werthern (W.-Beichlingen) Gräfin von,,1759,1829,0,0,,Weimar,50.9803,11.32903,,https://ores.klassik-stiftung.de/ords/f?p=900:2:::::P2_ID:45710,yes,no
45711,Johanna Luise Werthern auf Neunheiligen (Werthern-Beichlingen) Gräfin von,1080306722,1751,1811,0,2,mentioned,,,,,https://ores.klassik-stiftung.de/ords/f?p=900:2:::::P2_ID:45711,yes,no
45712,Juliane Luise Cäcilie Werthern von,133524132,1773,1831,3,3,"sender,mentioned",,,,,https://ores.klassik-stiftung.de/ords/f?p=900:2:::::P2_ID:45712,yes,yes
45714,Margareta Elisabeth Wesselhöft,117314005,1774,1842,0,14,mentioned,Hamburg,53.58333,10.0,Malerin,https://ores.klassik-stiftung.de/ords/f?p=900:2:::::P2_ID:45714,yes,yes
45721,Engel Christine Westphalen,117327190,1758,1840,6,3,"sender,mentioned",Hamburg,53.58333,10.0,Schriftstellerin,https://ores.klassik-stiftung.de/ords/f?p=900:2:::::P2_ID:45721,yes,no
45726,Maria Anna Theresia Magdalena Antonetta Weyrauch,1019765984,1768,1834,0,18,mentioned,Weimar,50.9803,11.32903,Sängerin,https://ores.klassik-stiftung.de/ords/f?p=900:2:::::P2_ID:45726,yes,no
45745,Maria Anna (Marianne) Katharina Therese Willemer,118633252,1784,1860,37,45,"mentioned,sender",,,,Schriftstellerin,https://ores.klassik-stiftung.de/ords/f?p=900:2:::::P2_ID:45745,yes,no
45769,Arnoldine Charlotte Henriette Wolf,120596954,1769,1820,1,0,sender,,,,Schriftstellerin,https://ores.klassik-stiftung.de/ords/f?p=900:2:::::P2_ID:45769,no,no
45772,Maria Karolina Wolf,131998064,1742,1820,1,0,sender,Weimar,50.9803,11.32903,Sängerin,https://ores.klassik-stiftung.de/ords/f?p=900:2:::::P2_ID:45772,yes,no
45773,Maria Sabina Wolf,117443085,1754,1821,1,2,"mentioned,sender",,,,,https://ores.klassik-stiftung.de/ords/f?p=900:2:::::P2_ID:45773,yes,no
45775,Anna Amalia Christiane Wolff,117447102,,1851,3,84,"mentioned,sender",Bayreuth,49.94778,11.57889,Schauspielerin,https://ores.klassik-stiftung.de/ords/f?p=900:2:::::P2_ID:45775,yes,no
45783,Friederike Sophie Karoline Augusta Wolzogen von,118771272,1763,1847,17,104,"mentioned,sender",Bauerbach,50.49833,10.39056,Schriftstellerin,https://ores.klassik-stiftung.de/ords/f?p=900:2:::::P2_ID:45783,yes,yes
45814,Dorothea (Doris) Auguste Cäcilie  Zelter,11697897X,1792,1852,3,42,"mentioned,sender",,,,,https://ores.klassik-stiftung.de/ords/f?p=900:2:::::P2_ID:45814,yes,no
45830,Luise Amalie Friederike Auguste Ziegesar,123543029,1781,1855,2,9,"mentioned,sender",,,,Hofdame,https://ores.klassik-stiftung.de/ords/f?p=900:2:::::P2_ID:45830,no,no
45836,Luise Margarete Zimmermann von,,1755,1826,0,0,,,,,,https://ores.klassik-stiftung.de/ords/f?p=900:2:::::P2_ID:45836,no,no
45841,Maria Anna Angelika Katharina Zucchi,118721224,1741,1807,13,46,"mentioned,sender",Rom,41.89193,12.51133,Malerin,https://ores.klassik-stiftung.de/ords/f?p=900:2:::::P2_ID:45841,yes,no
45905,Sophie Ulrika Amalia Bachmann,,1774,1859,0,0,,Schwerin,53.62937,11.41316,,https://ores.klassik-stiftung.de/ords/f?p=900:2:::::P2_ID:45905,no,no
46017,Carlier de,,,,0,0,,Paris,48.85341,2.3488,Emigrantin   ,https://ores.klassik-stiftung.de/ords/f?p=900:2:::::P2_ID:46017,no,no
46093,Julie Sophie Egloffstein Gräfin von und zu,119154048,1792,1869,4,55,"mentioned,sender",Weimar,50.9803,11.32903,Malerin,https://ores.klassik-stiftung.de/ords/f?p=900:2:::::P2_ID:46093,yes,yes
46094,Karoline (Line) Henriette Egloffstein Gräfin von und zu,118956531,1789,1868,8,60,"mentioned,sender",Nürnberg,49.45421,11.07752,Komponistin,https://ores.klassik-stiftung.de/ords/f?p=900:2:::::P2_ID:46094,yes,yes
46251,Hesse,,1774,,0,0,,Stettin,53.42889,14.55278,Hebamme,https://ores.klassik-stiftung.de/ords/f?p=900:2:::::P2_ID:46251,no,no
46263,Kasimira Friederika Wolowska,,1799,1888,0,0,,,,,,https://ores.klassik-stiftung.de/ords/f?p=900:2:::::P2_ID:46263,no,yes
46811,Maria Debora Dorothea Voß von,,1759,1834,0,0,,,,,,https://ores.klassik-stiftung.de/ords/f?p=900:2:::::P2_ID:46811,no,no
46882,Luise Arnold,1034654721,1794,1871,0,0,,,,,Schriftstellerin,https://ores.klassik-stiftung.de/ords/f?p=900:2:::::P2_ID:46882,no,no
46898,Maria Elisabeth Benckher,,1760,1829,0,0,,Ansbach,49.30472,10.59306,,https://ores.klassik-stiftung.de/ords/f?p=900:2:::::P2_ID:46898,no,no
46921,Johanna Maria Magdalena Bosselinska (von),,1781,1837,0,0,,Jena,50.92878,11.5899,Erzieherin,https://ores.klassik-stiftung.de/ords/f?p=900:2:::::P2_ID:46921,no,no
46926,Henriette Christiane Breitenbauch von,,1779,,0,0,,Jena,50.92878,11.5899,,https://ores.klassik-stiftung.de/ords/f?p=900:2:::::P2_ID:46926,no,no
46929,Ulrike Elisabeth Broesigke von,,1769,1829,0,0,,,,,,https://ores.klassik-stiftung.de/ords/f?p=900:2:::::P2_ID:46929,no,yes
46931,Karoline Mathilde Bülow von,1075598311,1766,1843,1,0,sender,Altona,53.55,9.93333,,https://ores.klassik-stiftung.de/ords/f?p=900:2:::::P2_ID:46931,no,no
46934,Juliane (Julie) Friederike Wilhelmine Busch,,1798,1881,0,0,,Dresden,51.05089,13.73832,,https://ores.klassik-stiftung.de/ords/f?p=900:2:::::P2_ID:46934,no,no
46935,Eugénie Constant Baronne de ,,,,0,0,,Hamburg,53.58333,10.0,,https://ores.klassik-stiftung.de/ords/f?p=900:2:::::P2_ID:46935,no,no
46942,Johanna Elisabetha Henrietta Deny,1048199584,1787,1864,0,8,mentioned,,,,Schauspielerin,https://ores.klassik-stiftung.de/ords/f?p=900:2:::::P2_ID:46942,no,no
47003,Friederika Hubert,,,,0,0,,Jena,50.92878,11.5899,Haushälterin,https://ores.klassik-stiftung.de/ords/f?p=900:2:::::P2_ID:47003,no,no
47010,Ludwika Eleonora Jaraczewska Gräfin,,1780,1849,0,0,,,,,,https://ores.klassik-stiftung.de/ords/f?p=900:2:::::P2_ID:47010,no,no
47046,Luise Lefevre,,,,0,0,,Weimar,50.9803,11.32903,Schauspielerin,https://ores.klassik-stiftung.de/ords/f?p=900:2:::::P2_ID:47046,no,no
47071,Auguste Amalie Martini,1205681272,1786,1840,1,0,sender,Altenburg,50.9875,12.43694,,https://ores.klassik-stiftung.de/ords/f?p=900:2:::::P2_ID:47071,no,no
47110,Susanna (Susi) Petróczy von,,1779,,0,0,,,,,,https://ores.klassik-stiftung.de/ords/f?p=900:2:::::P2_ID:47110,no,no
47195,Tamcourt de,,,,0,0,,,,,,https://ores.klassik-stiftung.de/ords/f?p=900:2:::::P2_ID:47195,no,no
47203,Karoline Wilhelmine Triebler,,1788,1854,0,0,,,,,Schauspielerin,https://ores.klassik-stiftung.de/ords/f?p=900:2:::::P2_ID:47203,no,no
47209,Luise Urbach von,,,,0,0,,,,,,https://ores.klassik-stiftung.de/ords/f?p=900:2:::::P2_ID:47209,no,no
47230,Leopoldine Weisflog,,,,0,0,,,,,,https://ores.klassik-stiftung.de/ords/f?p=900:2:::::P2_ID:47230,no,no
47237,Wilhelmine Henriette Wiggers,,1789,1860,0,0,,,,,,https://ores.klassik-stiftung.de/ords/f?p=900:2:::::P2_ID:47237,no,no
47256,"Devismes (de Vismes), Pierre Jean Louiss; dessen Ehefrau",,,,0,0,,,,,,https://ores.klassik-stiftung.de/ords/f?p=900:2:::::P2_ID:47256,no,no
47261,Johanna Maria Sophia Geisler,,1767,1823,0,0,,Leipzig,51.33944,12.37111,Kunststickerin,https://ores.klassik-stiftung.de/ords/f?p=900:2:::::P2_ID:47261,no,no
47263,Johanne Sophie Friederike Gottschild,,1758,1830,0,0,,,,,,https://ores.klassik-stiftung.de/ords/f?p=900:2:::::P2_ID:47263,no,no
47264,Albertine Auguste Aurora Amalie Graeve von,,1793,1867,0,0,,,,,,https://ores.klassik-stiftung.de/ords/f?p=900:2:::::P2_ID:47264,no,no
47289,Maria Sophia Weyrauch,,1773,1850,0,0,,Dorpat,58.38062,26.72509,,https://ores.klassik-stiftung.de/ords/f?p=900:2:::::P2_ID:47289,yes,no
48315,Auguste Luise Bernstorff Gräfin von,119369281,1753,1835,2,0,sender,,,,Stiftsdame,https://ores.klassik-stiftung.de/ords/f?p=900:2:::::P2_ID:48315,yes,no
48678,Luise (Lulu) Klara Könneritz (Gräfin) von,1067698868,1798,1891,1,5,"mentioned,sender",,,,,https://ores.klassik-stiftung.de/ords/f?p=900:2:::::P2_ID:48678,no,no
49049,Henriette Stein vom und zum,116617403,1796,1855,0,2,mentioned,,,,,https://ores.klassik-stiftung.de/ords/f?p=900:2:::::P2_ID:49049,yes,no
49243,Marianna Agata Szymanowska,117392359,1789,1831,3,15,"sender,mentioned",Petersburg,59.93863,30.31413,Pianistin,https://ores.klassik-stiftung.de/ords/f?p=900:2:::::P2_ID:49243,no,yes
49258,Sophia Laure Clémentine Cuvier,,1805,1827,0,0,,,,,,https://ores.klassik-stiftung.de/ords/f?p=900:2:::::P2_ID:49258,no,no
49275,Jane Baillie Carlyle,118870335,1801,1866,0,0,,,,,,https://ores.klassik-stiftung.de/ords/f?p=900:2:::::P2_ID:49275,no,no
49290,Elisabeth Sophie Cotta von Cottendorf,116696257,1789,1859,0,4,mentioned,,,,,https://ores.klassik-stiftung.de/ords/f?p=900:2:::::P2_ID:49290,no,no
49291,Johanna Maria Sophie Cotta von Cottendorf,1072480018,1801,1838,0,0,,Frankfurt (Main),50.11552,8.68417,,https://ores.klassik-stiftung.de/ords/f?p=900:2:::::P2_ID:49291,no,no
49304,Jane Davy,101587584X,1780,1855,1,0,sender,,,,,https://ores.klassik-stiftung.de/ords/f?p=900:2:::::P2_ID:49304,no,no
49312,Tullia Luise Osiander,,1795,1864,0,0,,,,,,https://ores.klassik-stiftung.de/ords/f?p=900:2:::::P2_ID:49312,no,no
49574,Alma Goethe von,118717901,1827,1844,0,0,,,,,,https://ores.klassik-stiftung.de/ords/f?p=900:2:::::P2_ID:49574,yes,yes
49771,Domicilla Theresia Eckartshausen von,,1781,1836,0,0,,,,,,https://ores.klassik-stiftung.de/ords/f?p=900:2:::::P2_ID:49771,no,no
49779,Marianne Ehrenström,122752848,1773,1867,0,0,,,,,Sängerin,https://ores.klassik-stiftung.de/ords/f?p=900:2:::::P2_ID:49779,no,no
49793,Auguste Friederika Karoline Schulze,123115949,1807,1854,0,0,,Petersburg,59.93863,30.31413,Pädagogin,https://ores.klassik-stiftung.de/ords/f?p=900:2:::::P2_ID:49793,no,no
49795,Karoline Wilhelmine Charlotte Schulze,117282162,1794,1881,0,0,,Potsdam,52.39886,13.06566,Lokalhistorikerin,https://ores.klassik-stiftung.de/ords/f?p=900:2:::::P2_ID:49795,no,no
49814,Auguste Friederike Dreyßig,,1771,1843,0,0,,,,,Gärtnerin,https://ores.klassik-stiftung.de/ords/f?p=900:2:::::P2_ID:49814,no,no
49925,Marie Duval,,1791,1867,0,0,,,,,,https://ores.klassik-stiftung.de/ords/f?p=900:2:::::P2_ID:49925,no,no
49929,Claire Duras (Durfurt-Duras) Herzogin von,119543338,1778,1828,0,0,,,,,Schriftstellerin,https://ores.klassik-stiftung.de/ords/f?p=900:2:::::P2_ID:49929,yes,no
49957,Klementine Franziska Auguste Einsiedel Gräfin von,,1798,1870,0,0,,,,,,https://ores.klassik-stiftung.de/ords/f?p=900:2:::::P2_ID:49957,no,no
50022,Auguste Wlhelmine Dorothee Jakobine Georgine Weppen,,1790,1870,0,0,,,,,,https://ores.klassik-stiftung.de/ords/f?p=900:2:::::P2_ID:50022,no,no
50055,Sophie Luise Euphrosine Löw von und zu Steinfurth von,,1778,1857,0,0,,,,,,https://ores.klassik-stiftung.de/ords/f?p=900:2:::::P2_ID:50055,no,yes
50086,Anna Katharina Welz,,1753,1833,0,0,,,,,,https://ores.klassik-stiftung.de/ords/f?p=900:2:::::P2_ID:50086,no,no
50139,Therese Marianne Magdalene Stein,,1803,1863,0,0,,,,,,https://ores.klassik-stiftung.de/ords/f?p=900:2:::::P2_ID:50139,no,no
50160,Karoline Zarino,,,,0,0,,,,,Schauspielerin,https://ores.klassik-stiftung.de/ords/f?p=900:2:::::P2_ID:50160,no,no
50164,Thusnelda Gertrude Salzmann,1117564177,1791,1867,0,0,,,,,,https://ores.klassik-stiftung.de/ords/f?p=900:2:::::P2_ID:50164,no,no
50190,Wilhelmine (Minette) Amalie Zillmer,,1796,1879,0,0,,,,,,https://ores.klassik-stiftung.de/ords/f?p=900:2:::::P2_ID:50190,no,no
50194,Sophie Auguste Friederike Stich,116718854,1795,1865,0,25,mentioned,Berlin,52.52437,13.41053,Schauspielerin,https://ores.klassik-stiftung.de/ords/f?p=900:2:::::P2_ID:50194,yes,no
50207,Therese Eißl,1071606182,1792,,0,0,,,,,Malerin,https://ores.klassik-stiftung.de/ords/f?p=900:2:::::P2_ID:50207,no,no
50265,Laura Elisa Förster,1075511119,1799,1864,0,8,mentioned,,,,,https://ores.klassik-stiftung.de/ords/f?p=900:2:::::P2_ID:50265,no,no
50304,Christiane Dorothea Friederike Albertine Flotow von,141602767,1790,1849,3,2,"mentioned,sender",,,,,https://ores.klassik-stiftung.de/ords/f?p=900:2:::::P2_ID:50304,no,no
50412,Maria Karoline Gravenreuth (Gräfin) von,,1788,1864,0,0,,,,,,https://ores.klassik-stiftung.de/ords/f?p=900:2:::::P2_ID:50412,no,no
50424,Marie Magdalena Wangemann,,1778,1859,0,0,,Wilsnack,52.95607,11.94903,,https://ores.klassik-stiftung.de/ords/f?p=900:2:::::P2_ID:50424,no,no
50489,Leopoldine Grustner von Grustorf,,1809,1889,0,0,,Prag,50.08861,14.42139,Malerin,https://ores.klassik-stiftung.de/ords/f?p=900:2:::::P2_ID:50489,no,no
50510,Auguste Marie Karoline Jacobi,117032611,1803,1856,1,9,"mentioned,sender",Weimar,50.9803,11.32903,Schriftstellerin,https://ores.klassik-stiftung.de/ords/f?p=900:2:::::P2_ID:50510,no,no
50513,Sophie Goëtt,,,,0,0,,Warschau,52.22977,21.01178,Gouvernante,https://ores.klassik-stiftung.de/ords/f?p=900:2:::::P2_ID:50513,no,no
50537,Amalie Neumann,116393610,,1884,1,3,"mentioned,sender",,,,Schauspielerin,https://ores.klassik-stiftung.de/ords/f?p=900:2:::::P2_ID:50537,no,no
50574,Karoline Hahn,,1790,1860,0,0,,Heidelberg,49.40768,8.69079,,https://ores.klassik-stiftung.de/ords/f?p=900:2:::::P2_ID:50574,no,no
50744,Margaeta Hedwig Hülle,117046779,1794,1861,0,2,mentioned,,,,Übersetzerin,https://ores.klassik-stiftung.de/ords/f?p=900:2:::::P2_ID:50744,no,no
50773,Rosina Wilhelmina Augustina Schmidt,,1799,1861,0,0,,Ilmenau,50.68322,10.91858,,https://ores.klassik-stiftung.de/ords/f?p=900:2:::::P2_ID:50773,no,no
50784,Karolina Jänisch,118739700,,1893,0,0,,,,,Übersetzerin,https://ores.klassik-stiftung.de/ords/f?p=900:2:::::P2_ID:50784,no,no
50810,Therese Albertine Luise Jakob (von),118620614,1797,1870,9,2,"mentioned,sender",,,,Schriftstellerin,https://ores.klassik-stiftung.de/ords/f?p=900:2:::::P2_ID:50810,no,no
50811,Wilhelmine Münchhausen-Steinburg von,,1800,1881,0,0,,,,,,https://ores.klassik-stiftung.de/ords/f?p=900:2:::::P2_ID:50811,no,no
50947,Karoline Schwarz,,1792,1843,0,0,,,,,,https://ores.klassik-stiftung.de/ords/f?p=900:2:::::P2_ID:50947,no,no
50981,Rosa Kaunitz Gräfin,1023795434,,1850,0,0,,,,,,https://ores.klassik-stiftung.de/ords/f?p=900:2:::::P2_ID:50981,no,no
51015,Johanna Maria Jakobäa Melber,,1756,1837,0,0,,,,,,https://ores.klassik-stiftung.de/ords/f?p=900:2:::::P2_ID:51015,no,yes
51022,Julie Kleefeld,,1798,1880,0,0,,,,,,https://ores.klassik-stiftung.de/ords/f?p=900:2:::::P2_ID:51022,no,yes
51110,Anna Eleonore Kirchenschlag,,1755,,0,0,,Frankfurt (Main),50.11552,8.68417,Dienstmädchen,https://ores.klassik-stiftung.de/ords/f?p=900:2:::::P2_ID:51110,no,no
51123,Auguste Friederike Mecklenburg-Schwerin Erbprinzessin von,116214627,1776,1871,0,2,mentioned,,,,,https://ores.klassik-stiftung.de/ords/f?p=900:2:::::P2_ID:51123,no,no
51240,Luise Kreisig,,,,0,0,,,,,,https://ores.klassik-stiftung.de/ords/f?p=900:2:::::P2_ID:51240,no,no
51281,Friederike Lehmann,,1792,1884,0,0,,,,,,https://ores.klassik-stiftung.de/ords/f?p=900:2:::::P2_ID:51281,no,no
51285,Berta Ulrike Helene Levetzow Freiin von,116643673X,1808,1884,0,2,mentioned,,,,,https://ores.klassik-stiftung.de/ords/f?p=900:2:::::P2_ID:51285,no,no
51286,Theodore Ulrike Sophie Levetzow Freiin von,118727907,1804,1899,1,4,"mentioned,sender",,,,,https://ores.klassik-stiftung.de/ords/f?p=900:2:::::P2_ID:51286,yes,yes
51287,Amalie (Amelie) Ottilie Friederike Ferdinandine Levetzow Freiin von,,1805,1831,0,0,,,,,,https://ores.klassik-stiftung.de/ords/f?p=900:2:::::P2_ID:51287,no,no
51293,Sophie Marie Dorothea Lasius,,1795,1859,0,0,,Bremen,53.07588,8.80731,Pädagogin,https://ores.klassik-stiftung.de/ords/f?p=900:2:::::P2_ID:51293,no,no
51301,Amalie Luise Henriette Liebhaber von,1033724394,1779,1845,2,0,sender,,,,Schriftstellerin,https://ores.klassik-stiftung.de/ords/f?p=900:2:::::P2_ID:51301,no,no
51302,Anna Elisabeth Sophie Löffelholz von Colberg Freifrau,116302941,1778,1849,1,2,"sender,mentioned",,,,Schriftstellerin,https://ores.klassik-stiftung.de/ords/f?p=900:2:::::P2_ID:51302,yes,no
51312,Johanna Rosina Leißner,,1771,1833,0,0,,,,,,https://ores.klassik-stiftung.de/ords/f?p=900:2:::::P2_ID:51312,no,no
51350,Justina Wilhelmina Ulrika Melos,116875623,1780,1866,0,1,mentioned,,,,,https://ores.klassik-stiftung.de/ords/f?p=900:2:::::P2_ID:51350,no,no
51416,Johanna Neumann,113668139,1786,1863,1,0,sender,,,,Pädagogin,https://ores.klassik-stiftung.de/ords/f?p=900:2:::::P2_ID:51416,no,no
51419,Rosette Niederer,104144963,1779,1857,0,0,,,,,Schriftstellerin,https://ores.klassik-stiftung.de/ords/f?p=900:2:::::P2_ID:51419,no,no
51444,Margarete Niesner,1138258482,1786,,0,0,,,,,,https://ores.klassik-stiftung.de/ords/f?p=900:2:::::P2_ID:51444,no,no
51479,Anne Ernestine Panckoucke,116021950,1784,1860,0,0,,,,,Zeichnerin,https://ores.klassik-stiftung.de/ords/f?p=900:2:::::P2_ID:51479,no,no
51485,Elisabetta Palmaroli,,1776,1856,0,0,,,,,,https://ores.klassik-stiftung.de/ords/f?p=900:2:::::P2_ID:51485,no,no
51557,Barbara Addicks,1022350935,1783,1853,1,1,"sender,mentioned",Bremen,53.07588,8.80731,Schriftstellerin,https://ores.klassik-stiftung.de/ords/f?p=900:2:::::P2_ID:51557,no,no
51575,Marie Luise Henriette Wilhelmine Reventlow Gräfin von,116457171,1807,1864,0,0,,,,,,https://ores.klassik-stiftung.de/ords/f?p=900:2:::::P2_ID:51575,no,yes
51689,Marie Félicité Henriette Ségur Comtesse de,,1778,1847,0,0,,,,,,https://ores.klassik-stiftung.de/ords/f?p=900:2:::::P2_ID:51689,no,no
51828,Augustine Luise Friederike Ernestine Schauroth,,1792,1847,0,0,,Magdeburg,52.1275,11.62917,,https://ores.klassik-stiftung.de/ords/f?p=900:2:::::P2_ID:51828,no,no
51835,Anna Michailowna Schtscherbatowa Fürstin,,1799,1868,0,0,,Petersburg,59.93863,30.31413,,https://ores.klassik-stiftung.de/ords/f?p=900:2:::::P2_ID:51835,no,no
51896,Luise Schmid,,,,0,0,,,,,,https://ores.klassik-stiftung.de/ords/f?p=900:2:::::P2_ID:51896,no,no
51954,Emilie Schröder,,1791,1874,0,0,,Hamburg,53.58333,10.0,Sängerin,https://ores.klassik-stiftung.de/ords/f?p=900:2:::::P2_ID:51954,no,no
51956,Karoline Jakobine Sophie Schulenburg Gräfin von der,135944538,1781,1857,0,1,mentioned,Weimar,50.9803,11.32903,Oberhofmeisterin,https://ores.klassik-stiftung.de/ords/f?p=900:2:::::P2_ID:51956,no,no
51978,Wilhelmine Julie Adelheid Stolterfoth von,116002468,1800,1875,0,0,,Eisenach,50.9807,10.31522,Schriftstellerin,https://ores.klassik-stiftung.de/ords/f?p=900:2:::::P2_ID:51978,no,no
52031,Augusta Rose Tunno,,1797,1885,0,0,,Weimar,50.9803,11.32903,,https://ores.klassik-stiftung.de/ords/f?p=900:2:::::P2_ID:52031,no,yes
52034,Jekaterina Wassiljewna/Fominischna Tschewkina,,,1879,0,0,,,,,Hofdame,https://ores.klassik-stiftung.de/ords/f?p=900:2:::::P2_ID:52034,no,no
52058,J. Henriette Wilke,1089253729,1804,1863,0,0,,Braunschweig,52.26594,10.52673,Schriftstellerin,https://ores.klassik-stiftung.de/ords/f?p=900:2:::::P2_ID:52058,no,no
52063,Marianne Warburg,,,,0,0,,Tübingen,48.52266,9.05222,,https://ores.klassik-stiftung.de/ords/f?p=900:2:::::P2_ID:52063,no,no
52064,Anne Louise Rigaud de Vaudreuil Comtesse de,,1806,1859,0,0,,Paris,48.85341,2.3488,,https://ores.klassik-stiftung.de/ords/f?p=900:2:::::P2_ID:52064,no,no
52100,Eleonore Warrloss,,,,0,0,,,,,,https://ores.klassik-stiftung.de/ords/f?p=900:2:::::P2_ID:52100,no,no
52354,Elisa Dies,,1758,1828,0,0,,Wien,48.20833,16.37306,,https://ores.klassik-stiftung.de/ords/f?p=900:2:::::P2_ID:52354,no,no
52557,Nicht ermittelt,,,,0,0,,,,,,https://ores.klassik-stiftung.de/ords/f?p=900:2:::::P2_ID:52557,no,no
52563,Nicht ermittelt,,,,0,0,,,,,,https://ores.klassik-stiftung.de/ords/f?p=900:2:::::P2_ID:52563,no,no
52698,Nicht ermittelt,,1771,,0,0,,,,,,https://ores.klassik-stiftung.de/ords/f?p=900:2:::::P2_ID:52698,no,no
52968,Anna Rosina Magdalene Thomas,117201286,1782,1845,0,34,mentioned,Frankfurt (Main),50.11552,8.68417,Malerin,https://ores.klassik-stiftung.de/ords/f?p=900:2:::::P2_ID:52968,yes,no
53487,Elisabeth Catharina (Lisette) Runckel,,1752,1815,0,0,,Frankfurt (Main),50.11552,8.68417,,https://ores.klassik-stiftung.de/ords/f?p=900:2:::::P2_ID:53487,yes,no
55551,Luise Ernestine Henriette Hedwig Wilhelmine Müller (M. zu Lengsfeld),,,1811,0,0,,,,,,https://ores.klassik-stiftung.de/ords/f?p=900:2:::::P2_ID:55551,no,no
58734,Friederike Christiane Elisabeth Ompteda von,,1767,1843,0,0,,,,,,https://ores.klassik-stiftung.de/ords/f?p=900:2:::::P2_ID:58734,no,no
59189,Maria Constanza Teresa Roesler,,1767,,0,0,,,,,,https://ores.klassik-stiftung.de/ords/f?p=900:2:::::P2_ID:59189,yes,no
59615,Klara Dorothea Wilhelmine Erhardine Lindau von,,1736,1793,0,0,,,,,Oberhofmeisterin,https://ores.klassik-stiftung.de/ords/f?p=900:2:::::P2_ID:59615,yes,no
64146,Maria Rose Tunno,,1783,1853,0,0,,Weimar,50.9803,11.32903,,https://ores.klassik-stiftung.de/ords/f?p=900:2:::::P2_ID:64146,no,yes
64858,Wilhelmine,,,,0,0,,,,,,https://ores.klassik-stiftung.de/ords/f?p=900:2:::::P2_ID:64858,no,no
68181,Amalia Bohl,,,,0,0,,,,,,https://ores.klassik-stiftung.de/ords/f?p=900:2:::::P2_ID:68181,no,no
68503,Marie Schmid (Schmidt),,,,0,0,,Weimar,50.9803,11.32903,Almosenempfängerin,https://ores.klassik-stiftung.de/ords/f?p=900:2:::::P2_ID:68503,no,no
89435,Catherine Weltden,,1778,1861,0,0,,,,,,https://ores.klassik-stiftung.de/ords/f?p=900:2:::::P2_ID:89435,no,no
